Primer_ID	Sequence_5_to_3	Length	Status	Comment
W009_len18_pos113	CCAGGTCTTGACATACTC	18	VALIDATED	Ultra-specific 3' lock
W009_len18_pos114	CAGGTCTTGACATACTCG	18	VALIDATED	Ultra-specific 3' lock
W009_len18_pos115	AGGTCTTGACATACTCGT	18	VALIDATED	Ultra-specific 3' lock
W009_len18_pos116	GGTCTTGACATACTCGTG	18	VALIDATED	Ultra-specific 3' lock
W009_len18_pos117	GTCTTGACATACTCGTGC	18	VALIDATED	Ultra-specific 3' lock
W009_len19_pos112	ACCAGGTCTTGACATACTC	19	VALIDATED	Ultra-specific 3' lock
W009_len19_pos113	CCAGGTCTTGACATACTCG	19	VALIDATED	Ultra-specific 3' lock
W009_len19_pos114	CAGGTCTTGACATACTCGT	19	VALIDATED	Ultra-specific 3' lock
W009_len19_pos115	AGGTCTTGACATACTCGTG	19	VALIDATED	Ultra-specific 3' lock
W009_len19_pos116	GGTCTTGACATACTCGTGC	19	VALIDATED	Ultra-specific 3' lock
W009_len20_pos111	TACCAGGTCTTGACATACTC	20	VALIDATED	Ultra-specific 3' lock
W009_len20_pos112	ACCAGGTCTTGACATACTCG	20	VALIDATED	Ultra-specific 3' lock
W009_len20_pos113	CCAGGTCTTGACATACTCGT	20	VALIDATED	Ultra-specific 3' lock
W009_len20_pos114	CAGGTCTTGACATACTCGTG	20	VALIDATED	Ultra-specific 3' lock
W009_len20_pos115	AGGTCTTGACATACTCGTGC	20	VALIDATED	Ultra-specific 3' lock
W009_len21_pos110	TTACCAGGTCTTGACATACTC	21	VALIDATED	Ultra-specific 3' lock
W009_len21_pos111	TACCAGGTCTTGACATACTCG	21	VALIDATED	Ultra-specific 3' lock
W009_len21_pos112	ACCAGGTCTTGACATACTCGT	21	VALIDATED	Ultra-specific 3' lock
W009_len21_pos113	CCAGGTCTTGACATACTCGTG	21	VALIDATED	Ultra-specific 3' lock
W009_len21_pos114	CAGGTCTTGACATACTCGTGC	21	VALIDATED	Ultra-specific 3' lock
W009_len22_pos109	CTTACCAGGTCTTGACATACTC	22	VALIDATED	Ultra-specific 3' lock
W009_len22_pos110	TTACCAGGTCTTGACATACTCG	22	VALIDATED	Ultra-specific 3' lock
W009_len22_pos111	TACCAGGTCTTGACATACTCGT	22	VALIDATED	Ultra-specific 3' lock
W009_len22_pos112	ACCAGGTCTTGACATACTCGTG	22	VALIDATED	Ultra-specific 3' lock
W009_len22_pos113	CCAGGTCTTGACATACTCGTGC	22	VALIDATED	Ultra-specific 3' lock
W010_len18_pos0	GAAGTTCCTTCGGGACAC	18	VALIDATED	Ultra-specific 3' lock
W010_len18_pos1	AAGTTCCTTCGGGACACG	18	VALIDATED	Ultra-specific 3' lock
W010_len18_pos2	AGTTCCTTCGGGACACGG	18	VALIDATED	Ultra-specific 3' lock
W010_len18_pos3	GTTCCTTCGGGACACGGG	18	VALIDATED	Ultra-specific 3' lock
W010_len18_pos4	TTCCTTCGGGACACGGGA	18	VALIDATED	Ultra-specific 3' lock
W010_len18_pos5	TCCTTCGGGACACGGGAT	18	VALIDATED	Ultra-specific 3' lock
W010_len18_pos6	CCTTCGGGACACGGGATA	18	VALIDATED	Ultra-specific 3' lock
W010_len19_pos0	GAAGTTCCTTCGGGACACG	19	VALIDATED	Ultra-specific 3' lock
W010_len19_pos1	AAGTTCCTTCGGGACACGG	19	VALIDATED	Ultra-specific 3' lock
W010_len19_pos2	AGTTCCTTCGGGACACGGG	19	VALIDATED	Ultra-specific 3' lock
W010_len19_pos3	GTTCCTTCGGGACACGGGA	19	VALIDATED	Ultra-specific 3' lock
W010_len19_pos4	TTCCTTCGGGACACGGGAT	19	VALIDATED	Ultra-specific 3' lock
W010_len19_pos5	TCCTTCGGGACACGGGATA	19	VALIDATED	Ultra-specific 3' lock
W010_len19_pos6	CCTTCGGGACACGGGATAC	19	VALIDATED	Ultra-specific 3' lock
W010_len20_pos0	GAAGTTCCTTCGGGACACGG	20	VALIDATED	Ultra-specific 3' lock
W010_len20_pos1	AAGTTCCTTCGGGACACGGG	20	VALIDATED	Ultra-specific 3' lock
W010_len20_pos2	AGTTCCTTCGGGACACGGGA	20	VALIDATED	Ultra-specific 3' lock
W010_len20_pos3	GTTCCTTCGGGACACGGGAT	20	VALIDATED	Ultra-specific 3' lock
W010_len20_pos4	TTCCTTCGGGACACGGGATA	20	VALIDATED	Ultra-specific 3' lock
W010_len20_pos5	TCCTTCGGGACACGGGATAC	20	VALIDATED	Ultra-specific 3' lock
W010_len20_pos6	CCTTCGGGACACGGGATACA	20	VALIDATED	Ultra-specific 3' lock
W010_len21_pos0	GAAGTTCCTTCGGGACACGGG	21	VALIDATED	Ultra-specific 3' lock
W010_len21_pos1	AAGTTCCTTCGGGACACGGGA	21	VALIDATED	Ultra-specific 3' lock
W010_len21_pos2	AGTTCCTTCGGGACACGGGAT	21	VALIDATED	Ultra-specific 3' lock
W010_len21_pos3	GTTCCTTCGGGACACGGGATA	21	VALIDATED	Ultra-specific 3' lock
W010_len21_pos4	TTCCTTCGGGACACGGGATAC	21	VALIDATED	Ultra-specific 3' lock
W010_len21_pos5	TCCTTCGGGACACGGGATACA	21	VALIDATED	Ultra-specific 3' lock
W010_len21_pos6	CCTTCGGGACACGGGATACAG	21	VALIDATED	Ultra-specific 3' lock
W010_len22_pos0	GAAGTTCCTTCGGGACACGGGA	22	VALIDATED	Ultra-specific 3' lock
W010_len22_pos1	AAGTTCCTTCGGGACACGGGAT	22	VALIDATED	Ultra-specific 3' lock
W010_len22_pos2	AGTTCCTTCGGGACACGGGATA	22	VALIDATED	Ultra-specific 3' lock
W010_len22_pos3	GTTCCTTCGGGACACGGGATAC	22	VALIDATED	Ultra-specific 3' lock
W010_len22_pos4	TTCCTTCGGGACACGGGATACA	22	VALIDATED	Ultra-specific 3' lock
W010_len22_pos5	TCCTTCGGGACACGGGATACAG	22	VALIDATED	Ultra-specific 3' lock
